Actual Churn,Churn Probability,Predicted Churn,Risk Level,Churn Probability (%)
0,0.0005579454401296521,0,Low Risk,0.06
0,1.339956776123713e-05,0,Low Risk,0.0
0,9.062797255408863e-07,0,Low Risk,0.0
0,0.00013995938195413587,0,Low Risk,0.01
0,6.638538101963038e-06,0,Low Risk,0.0
0,0.005684078007796133,0,Low Risk,0.57
0,1.6218653525770233e-05,0,Low Risk,0.0
0,0.7595332068805157,1,High Risk,75.95
0,0.001307270936483463,0,Low Risk,0.13
1,0.9999992201637271,1,High Risk,100.0
0,0.4318605970638263,0,Medium Risk,43.19
0,0.00044084404808855177,0,Low Risk,0.04
0,8.333787777160404e-05,0,Low Risk,0.01
1,0.9867278994086595,1,High Risk,98.67
0,9.284119441160844e-06,0,Low Risk,0.0
0,0.0005707321223311258,0,Low Risk,0.06
0,1.343298837834092e-05,0,Low Risk,0.0
0,6.425966507920249e-06,0,Low Risk,0.0
0,1.388755395889306e-05,0,Low Risk,0.0
0,3.2074749713115164e-06,0,Low Risk,0.0
1,0.45522346427450233,0,Medium Risk,45.52
0,0.0064373045834916175,0,Low Risk,0.64
0,3.863909745112713e-05,0,Low Risk,0.0
0,2.6658452157910513e-07,0,Low Risk,0.0
0,2.8747678731838432e-06,0,Low Risk,0.0
0,5.847940067579623e-05,0,Low Risk,0.01
1,0.9999988521344345,1,High Risk,100.0
1,0.9920875914984063,1,High Risk,99.21
0,3.4317383669874206e-07,0,Low Risk,0.0
1,0.9998576870945203,1,High Risk,99.99
0,0.019154617878411304,0,Low Risk,1.92
0,0.002290215340593048,0,Low Risk,0.23
0,0.0012849350313621892,0,Low Risk,0.13
0,4.776061037381708e-07,0,Low Risk,0.0
1,0.7945018985391454,1,High Risk,79.45
0,4.672946092050497e-06,0,Low Risk,0.0
1,0.842333993062231,1,High Risk,84.23
0,0.2142376639546465,0,Low Risk,21.42
1,0.9999800471487907,1,High Risk,100.0
1,0.999994688554897,1,High Risk,100.0
0,5.129557832160899e-05,0,Low Risk,0.01
0,0.00024077654142318046,0,Low Risk,0.02
0,3.1840442325045948e-06,0,Low Risk,0.0
0,1.2909448365682948e-05,0,Low Risk,0.0
0,2.096787055716545e-05,0,Low Risk,0.0
1,0.06792631311439724,0,Low Risk,6.79
0,0.06752569727798659,0,Low Risk,6.75
0,0.00022988213056636918,0,Low Risk,0.02
0,0.00013357774628970683,0,Low Risk,0.01
1,0.999999022305033,1,High Risk,100.0
0,0.0008645700285295365,0,Low Risk,0.09
1,0.9999101860178183,1,High Risk,99.99
0,0.009385034001007056,0,Low Risk,0.94
0,0.05361295929462782,0,Low Risk,5.36
0,0.012898954224969643,0,Low Risk,1.29
1,0.9997738011651454,1,High Risk,99.98
0,3.42310842831146e-06,0,Low Risk,0.0
0,0.3316048666303083,0,Medium Risk,33.16
0,0.00012923769825149334,0,Low Risk,0.01
0,3.932424416939664e-05,0,Low Risk,0.0
0,0.033776624066251336,0,Low Risk,3.38
1,0.99999616628443,1,High Risk,100.0
0,0.006912299725184593,0,Low Risk,0.69
0,0.015401139080680852,0,Low Risk,1.54
1,0.9999872806862429,1,High Risk,100.0
1,0.9981752913208048,1,High Risk,99.82
1,0.9999884508288228,1,High Risk,100.0
1,0.1536856977687201,0,Low Risk,15.37
1,0.012459805749582763,0,Low Risk,1.25
1,0.9982970427709476,1,High Risk,99.83
0,0.11509413168092882,0,Low Risk,11.51
0,0.025469377729223534,0,Low Risk,2.55
1,0.9998438737400388,1,High Risk,99.98
0,1.9058303992157926e-05,0,Low Risk,0.0
0,2.141031410183952e-07,0,Low Risk,0.0
0,5.131363096914414e-05,0,Low Risk,0.01
0,0.004184574236919024,0,Low Risk,0.42
1,0.9999984968793786,1,High Risk,100.0
0,5.486382333405793e-06,0,Low Risk,0.0
0,4.492152237142969e-06,0,Low Risk,0.0
0,0.06880212222099608,0,Low Risk,6.88
0,2.4690117403619506e-05,0,Low Risk,0.0
1,0.9999713071716408,1,High Risk,100.0
1,0.9987541885457115,1,High Risk,99.88
0,0.032412804453566785,0,Low Risk,3.24
0,0.0013293203396087204,0,Low Risk,0.13
0,0.5246289958770817,1,Medium Risk,52.46
1,0.9987559198321128,1,High Risk,99.88
1,0.999244337276309,1,High Risk,99.92
0,1.9743716011803082e-06,0,Low Risk,0.0
1,0.9999654631741274,1,High Risk,100.0
0,0.018384890907507084,0,Low Risk,1.84
0,0.05250157809610222,0,Low Risk,5.25
1,0.9956318809888228,1,High Risk,99.56
1,0.9999959365101451,1,High Risk,100.0
0,1.2518554098568457e-05,0,Low Risk,0.0
0,9.071911872807619e-07,0,Low Risk,0.0
0,0.0001933778459751147,0,Low Risk,0.02
1,0.6373747357142735,1,Medium Risk,63.74
0,3.0541667537529398e-06,0,Low Risk,0.0
1,0.2565811023865772,0,Low Risk,25.66
1,0.9996232708597542,1,High Risk,99.96
0,0.07178817966940222,0,Low Risk,7.18
1,0.9999547441367613,1,High Risk,100.0
1,0.9999978382733531,1,High Risk,100.0
0,0.006373118145626253,0,Low Risk,0.64
0,0.02673349693882025,0,Low Risk,2.67
0,0.08485256682357427,0,Low Risk,8.49
0,6.293358435689128e-07,0,Low Risk,0.0
0,0.04296998540931708,0,Low Risk,4.3
0,0.002123742934817183,0,Low Risk,0.21
0,0.0018158910887001818,0,Low Risk,0.18
0,0.6410031330200571,1,Medium Risk,64.1
0,6.314734378128052e-07,0,Low Risk,0.0
1,0.9998413874035217,1,High Risk,99.98
0,3.323309522280127e-05,0,Low Risk,0.0
1,0.6785772897662435,1,Medium Risk,67.86
0,0.47958385069289367,0,Medium Risk,47.96
0,0.00012716202272436747,0,Low Risk,0.01
0,0.2888895817342827,0,Low Risk,28.89
0,8.501575594816678e-08,0,Low Risk,0.0
1,0.9999932835322778,1,High Risk,100.0
0,0.004263274998591343,0,Low Risk,0.43
0,0.0061266736044483655,0,Low Risk,0.61
1,0.9883091176762309,1,High Risk,98.83
0,1.6741448678296926e-07,0,Low Risk,0.0
1,0.9910094954481575,1,High Risk,99.1
0,4.116454737658053e-07,0,Low Risk,0.0
1,0.9999935010817396,1,High Risk,100.0
0,0.12708407337121885,0,Low Risk,12.71
1,0.9968134181466731,1,High Risk,99.68
1,0.9998045985846029,1,High Risk,99.98
0,0.2713094778177417,0,Low Risk,27.13
0,0.14457113833322702,0,Low Risk,14.46
0,0.20068069395371269,0,Low Risk,20.07
0,1.1896695706944747e-06,0,Low Risk,0.0
0,0.318737460112289,0,Medium Risk,31.87
0,0.36124520655934284,0,Medium Risk,36.12
0,0.00032948632648791855,0,Low Risk,0.03
1,0.9999917197588843,1,High Risk,100.0
0,1.2031323410556106e-07,0,Low Risk,0.0
0,9.466307968928838e-07,0,Low Risk,0.0
0,0.01601122298957052,0,Low Risk,1.6
0,0.00015308349637067282,0,Low Risk,0.02
0,0.0009842363338747823,0,Low Risk,0.1
0,0.002625204943698805,0,Low Risk,0.26
0,0.003412714268990761,0,Low Risk,0.34
1,0.999993706775066,1,High Risk,100.0
0,0.0008429476105937935,0,Low Risk,0.08
0,5.365655002866554e-05,0,Low Risk,0.01
0,5.9840580121790066e-05,0,Low Risk,0.01
0,0.04176328472171822,0,Low Risk,4.18
0,0.001347326786593539,0,Low Risk,0.13
0,3.168332996021002e-05,0,Low Risk,0.0
1,0.9986735421169907,1,High Risk,99.87
0,5.616777762395232e-05,0,Low Risk,0.01
0,0.06585399269387587,0,Low Risk,6.59
1,0.8139008086178688,1,High Risk,81.39
1,0.9988538258192261,1,High Risk,99.89
1,0.9999292354649696,1,High Risk,99.99
0,0.0315595890887286,0,Low Risk,3.16
0,0.0005799430372208724,0,Low Risk,0.06
0,9.3384063614199e-05,0,Low Risk,0.01
0,0.10322377137378394,0,Low Risk,10.32
0,6.91793579305503e-08,0,Low Risk,0.0
1,0.9999927601753797,1,High Risk,100.0
0,3.238183259003777e-06,0,Low Risk,0.0
1,0.9914975545278555,1,High Risk,99.15
0,0.0751176133311862,0,Low Risk,7.51
0,9.558739267650697e-05,0,Low Risk,0.01
0,1.0622498158575941e-06,0,Low Risk,0.0
1,0.8526728460534257,1,High Risk,85.27
0,0.2406462284843121,0,Low Risk,24.06
1,0.5519902550031199,1,Medium Risk,55.2
0,0.003705735923009026,0,Low Risk,0.37
0,7.0291367558605615e-06,0,Low Risk,0.0
0,0.013040313238724684,0,Low Risk,1.3
0,6.171541791495644e-06,0,Low Risk,0.0
0,4.470940617538588e-06,0,Low Risk,0.0
0,0.0026353439570032462,0,Low Risk,0.26
1,0.717219828488353,1,High Risk,71.72
0,0.021707776798494335,0,Low Risk,2.17
1,0.9981589342051853,1,High Risk,99.82
1,0.9999934819374426,1,High Risk,100.0
0,8.940073752310219e-10,0,Low Risk,0.0
0,0.008990043238962865,0,Low Risk,0.9
0,8.200333733650039e-06,0,Low Risk,0.0
1,0.48985438495717787,0,Medium Risk,48.99
0,0.06850762067306368,0,Low Risk,6.85
0,0.00020266870428678742,0,Low Risk,0.02
0,0.027252173858026654,0,Low Risk,2.73
0,2.2534889620078387e-05,0,Low Risk,0.0
1,0.4568246546697511,0,Medium Risk,45.68
0,0.008267375503975716,0,Low Risk,0.83
0,9.597386281013825e-09,0,Low Risk,0.0
0,0.013250071377773042,0,Low Risk,1.33
0,2.863414042825659e-07,0,Low Risk,0.0
0,0.0006757373075072442,0,Low Risk,0.07
0,0.004396216263581521,0,Low Risk,0.44
0,0.03394753177337788,0,Low Risk,3.39
0,1.6387642082801645e-05,0,Low Risk,0.0
0,0.029819600489051912,0,Low Risk,2.98
0,0.6012568969757747,1,Medium Risk,60.13
0,3.2183190876590514e-07,0,Low Risk,0.0
0,7.852704476231104e-07,0,Low Risk,0.0
0,0.024333342127081728,0,Low Risk,2.43
0,0.03781526321121988,0,Low Risk,3.78
0,8.778962704919712e-06,0,Low Risk,0.0
0,0.4521671785216133,0,Medium Risk,45.22
0,2.9435456013758577e-06,0,Low Risk,0.0
1,0.999986426031194,1,High Risk,100.0
0,1.2343562044929164e-05,0,Low Risk,0.0
1,0.9992585097090761,1,High Risk,99.93
0,0.015076509810529534,0,Low Risk,1.51
0,0.0001165420029276548,0,Low Risk,0.01
0,7.9841057080734e-08,0,Low Risk,0.0
0,0.007379342948758898,0,Low Risk,0.74
0,0.0005554885535211754,0,Low Risk,0.06
1,0.9999984154230299,1,High Risk,100.0
1,0.9999911921561726,1,High Risk,100.0
0,7.378716302512884e-05,0,Low Risk,0.01
0,0.000777635684785644,0,Low Risk,0.08
0,0.007628305485199923,0,Low Risk,0.76
0,0.11253130137903707,0,Low Risk,11.25
0,0.0003105133224384077,0,Low Risk,0.03
0,2.2400814804675302e-05,0,Low Risk,0.0
0,1.095634325689052e-06,0,Low Risk,0.0
0,1.5856360010396953e-05,0,Low Risk,0.0
1,0.9999969468442792,1,High Risk,100.0
0,0.011451946556164397,0,Low Risk,1.15
0,3.277057956698493e-07,0,Low Risk,0.0
1,0.9984115351268874,1,High Risk,99.84
0,0.03456847141052343,0,Low Risk,3.46
0,3.916670937110431e-09,0,Low Risk,0.0
1,0.7441402650020453,1,High Risk,74.41
1,0.9999968691525133,1,High Risk,100.0
1,0.9967805922874933,1,High Risk,99.68
0,0.2279226887986369,0,Low Risk,22.79
0,3.018849207271345e-07,0,Low Risk,0.0
0,0.0002941954371709801,0,Low Risk,0.03
1,0.9997977677568832,1,High Risk,99.98
1,0.9917289938077519,1,High Risk,99.17
0,1.401409741231655e-05,0,Low Risk,0.0
0,1.1904163465077123e-06,0,Low Risk,0.0
1,0.9977822989824583,1,High Risk,99.78
1,0.9990624272688585,1,High Risk,99.91
1,0.5171022020723953,1,Medium Risk,51.71
0,0.03571216242914021,0,Low Risk,3.57
0,5.291552453036067e-06,0,Low Risk,0.0
0,1.574365613269117e-06,0,Low Risk,0.0
0,6.665416268828014e-05,0,Low Risk,0.01
0,5.583027771232941e-05,0,Low Risk,0.01
0,0.012914107388874772,0,Low Risk,1.29
0,6.135710942365457e-06,0,Low Risk,0.0
1,0.9999921427767866,1,High Risk,100.0
0,3.2033277081483223e-06,0,Low Risk,0.0
0,6.256501000907116e-06,0,Low Risk,0.0
0,0.00011700374454095274,0,Low Risk,0.01
0,0.0003812189903416571,0,Low Risk,0.04
0,6.589579003812542e-07,0,Low Risk,0.0
0,1.3922341880122694e-05,0,Low Risk,0.0
0,0.0004265491494086207,0,Low Risk,0.04
0,1.5249400900997869e-05,0,Low Risk,0.0
0,0.02544478326611035,0,Low Risk,2.54
1,0.5333140893443139,1,Medium Risk,53.33
1,0.9999945285809276,1,High Risk,100.0
1,0.9991461217157598,1,High Risk,99.91
0,2.77136331460415e-07,0,Low Risk,0.0
0,0.00013212005815137155,0,Low Risk,0.01
0,0.00047740508740195696,0,Low Risk,0.05
0,2.585986701832484e-07,0,Low Risk,0.0
0,0.0059287561323963615,0,Low Risk,0.59
0,0.00502415667223361,0,Low Risk,0.5
0,7.613560509509113e-07,0,Low Risk,0.0
0,0.002138739510122737,0,Low Risk,0.21
0,1.9345889558228323e-06,0,Low Risk,0.0
1,0.9999874150360748,1,High Risk,100.0
0,7.13140617308098e-09,0,Low Risk,0.0
1,0.999978726374802,1,High Risk,100.0
0,0.0005593389294829162,0,Low Risk,0.06
0,4.7368356250144697e-08,0,Low Risk,0.0
0,0.010056459600714473,0,Low Risk,1.01
0,0.0039727806070728395,0,Low Risk,0.4
0,1.6182692363289897e-06,0,Low Risk,0.0
0,0.00036198255287340234,0,Low Risk,0.04
1,0.9999971708424328,1,High Risk,100.0
1,0.9986810096457176,1,High Risk,99.87
0,3.9656360272751976e-07,0,Low Risk,0.0
1,0.9999975479858697,1,High Risk,100.0
0,0.00017710998292928465,0,Low Risk,0.02
0,0.0003697215109785276,0,Low Risk,0.04
0,2.539117933323148e-05,0,Low Risk,0.0
0,0.12472767793702037,0,Low Risk,12.47
0,2.4998424415275023e-05,0,Low Risk,0.0
0,0.018700273632220314,0,Low Risk,1.87
0,0.008690948331281825,0,Low Risk,0.87
0,0.006967170115738796,0,Low Risk,0.7
1,0.8107977078242168,1,High Risk,81.08
0,2.8860988971233224e-06,0,Low Risk,0.0
0,7.905678016236911e-05,0,Low Risk,0.01
0,1.1484374555402905e-07,0,Low Risk,0.0
1,0.9999982204175896,1,High Risk,100.0
0,0.01910290733547592,0,Low Risk,1.91
0,0.0011134976466013666,0,Low Risk,0.11
1,0.9999736773041902,1,High Risk,100.0
0,2.3613753050267926e-06,0,Low Risk,0.0
0,2.141567472859983e-06,0,Low Risk,0.0
0,9.324387369855132e-07,0,Low Risk,0.0
0,7.643823439514755e-06,0,Low Risk,0.0
0,0.0006365013281666881,0,Low Risk,0.06
0,0.00041342854453601966,0,Low Risk,0.04
0,3.494731800264756e-07,0,Low Risk,0.0
0,2.767111202273315e-06,0,Low Risk,0.0
0,0.0023242785360354534,0,Low Risk,0.23
0,0.55250502235082,1,Medium Risk,55.25
0,0.0058784549643175876,0,Low Risk,0.59
0,0.5300865262687002,1,Medium Risk,53.01
0,1.5683440493023485e-05,0,Low Risk,0.0
1,0.19931493608101725,0,Low Risk,19.93
1,0.44052203460689643,0,Medium Risk,44.05
0,1.3188235753834964e-07,0,Low Risk,0.0
0,0.0026074973276277802,0,Low Risk,0.26
1,0.9987124713094759,1,High Risk,99.87
0,5.117271891465834e-10,0,Low Risk,0.0
0,0.20765969862656897,0,Low Risk,20.77
0,4.033915042321496e-06,0,Low Risk,0.0
1,0.9999679768119305,1,High Risk,100.0
0,3.592881970620021e-06,0,Low Risk,0.0
0,0.7332005202556081,1,High Risk,73.32
0,1.037022827034799e-06,0,Low Risk,0.0
0,1.9972002435065737e-05,0,Low Risk,0.0
1,0.9954104842822389,1,High Risk,99.54
0,4.397072638553563e-05,0,Low Risk,0.0
0,0.01673920314755452,0,Low Risk,1.67
0,2.6208423895099285e-06,0,Low Risk,0.0
0,3.3603215580492995e-05,0,Low Risk,0.0
1,0.9999945125637193,1,High Risk,100.0
0,1.0631717568333128e-07,0,Low Risk,0.0
0,0.0013118341419571771,0,Low Risk,0.13
0,0.009023905523561372,0,Low Risk,0.9
0,0.001429294153558253,0,Low Risk,0.14
1,0.6425835498235656,1,Medium Risk,64.26
0,0.0021977101168008913,0,Low Risk,0.22
1,0.9999893889413667,1,High Risk,100.0
1,0.999800496976553,1,High Risk,99.98
1,0.9996031675084659,1,High Risk,99.96
0,0.0747735231645889,0,Low Risk,7.48
1,0.9991307788363214,1,High Risk,99.91
0,0.10027228224338093,0,Low Risk,10.03
1,0.9977454736468342,1,High Risk,99.77
0,0.00010351707265840969,0,Low Risk,0.01
1,0.9887164710991958,1,High Risk,98.87
0,0.2877966156244755,0,Low Risk,28.78
0,2.610958645993171e-08,0,Low Risk,0.0
0,6.004387498089728e-05,0,Low Risk,0.01
0,0.00025627706989049727,0,Low Risk,0.03
0,1.3407840496408882e-06,0,Low Risk,0.0
0,3.3135792701177777e-06,0,Low Risk,0.0
0,3.4262732462204784e-07,0,Low Risk,0.0
1,0.9999899570444861,1,High Risk,100.0
1,0.9999419666952952,1,High Risk,99.99
0,0.0033941597146010948,0,Low Risk,0.34
0,4.6670309895597984e-07,0,Low Risk,0.0
0,1.0568100701282294e-07,0,Low Risk,0.0
0,1.8943072773666653e-07,0,Low Risk,0.0
1,0.9999886917253503,1,High Risk,100.0
0,0.11516295172990998,0,Low Risk,11.52
0,0.0004719621308691872,0,Low Risk,0.05
0,6.172289321867165e-07,0,Low Risk,0.0
0,0.0011697647915095315,0,Low Risk,0.12
1,0.9979073572040092,1,High Risk,99.79
0,0.35103062659917067,0,Medium Risk,35.1
0,2.7996852769896487e-05,0,Low Risk,0.0
0,0.0003426163746982917,0,Low Risk,0.03
1,0.4168744485429985,0,Medium Risk,41.69
0,7.375443954344594e-06,0,Low Risk,0.0
0,8.347029482076701e-05,0,Low Risk,0.01
0,0.0020214569312578578,0,Low Risk,0.2
1,0.9999823108021579,1,High Risk,100.0
0,0.0004540380192838928,0,Low Risk,0.05
0,0.0059814125350759065,0,Low Risk,0.6
0,0.00018109737636408214,0,Low Risk,0.02
0,0.000981248677937732,0,Low Risk,0.1
0,0.0017560273137517963,0,Low Risk,0.18
1,0.9995687490352835,1,High Risk,99.96
0,3.329161115815341e-06,0,Low Risk,0.0
1,0.9992091982672133,1,High Risk,99.92
1,0.999996168323015,1,High Risk,100.0
0,1.1343592132687596e-06,0,Low Risk,0.0
1,0.9999930372846552,1,High Risk,100.0
0,1.069156432471832e-05,0,Low Risk,0.0
0,0.00010837436052112198,0,Low Risk,0.01
0,3.5894566187436405e-05,0,Low Risk,0.0
0,0.49142263800099634,0,Medium Risk,49.14
0,4.666669626831995e-05,0,Low Risk,0.0
0,1.7256473383354683e-06,0,Low Risk,0.0
0,0.00414834360918993,0,Low Risk,0.41
0,4.104054331117182e-06,0,Low Risk,0.0
0,0.04726531967300234,0,Low Risk,4.73
1,0.9999862153037951,1,High Risk,100.0
0,0.0038475539612496685,0,Low Risk,0.38
0,8.732399755363403e-06,0,Low Risk,0.0
0,0.0008462802386135136,0,Low Risk,0.08
0,0.005719747592580318,0,Low Risk,0.57
0,0.024492503304822465,0,Low Risk,2.45
0,1.0971330055449559e-09,0,Low Risk,0.0
1,0.9999960108114601,1,High Risk,100.0
0,0.001868097538454098,0,Low Risk,0.19
1,0.13208656791637635,0,Low Risk,13.21
0,0.0007828651942650742,0,Low Risk,0.08
1,0.9933970621610251,1,High Risk,99.34
1,0.999877929323204,1,High Risk,99.99
1,0.9999922012839413,1,High Risk,100.0
1,0.9999949802604712,1,High Risk,100.0
0,9.357160749648099e-06,0,Low Risk,0.0
0,8.260922669730061e-07,0,Low Risk,0.0
0,0.03248136774706094,0,Low Risk,3.25
1,0.9999869259742102,1,High Risk,100.0
1,0.9890765775769443,1,High Risk,98.91
1,0.9999989287357792,1,High Risk,100.0
0,0.0004935344977866872,0,Low Risk,0.05
0,7.055398299967633e-09,0,Low Risk,0.0
0,0.5753896235800419,1,Medium Risk,57.54
1,0.9971286474276535,1,High Risk,99.71
0,0.16896885954988689,0,Low Risk,16.9
0,0.0009441511003942893,0,Low Risk,0.09
0,0.000723244032509234,0,Low Risk,0.07
0,2.80992352022825e-06,0,Low Risk,0.0
0,3.2860829314063244e-05,0,Low Risk,0.0
0,1.2602505922983912e-06,0,Low Risk,0.0
0,0.0022353123965669873,0,Low Risk,0.22
0,5.656955467747367e-06,0,Low Risk,0.0
0,1.3839017863883956e-06,0,Low Risk,0.0
0,0.03952587853465037,0,Low Risk,3.95
0,4.569217920241463e-08,0,Low Risk,0.0
1,0.9983818433478382,1,High Risk,99.84
0,0.039473972835089084,0,Low Risk,3.95
0,0.22390067785442397,0,Low Risk,22.39
0,1.6116919886746237e-06,0,Low Risk,0.0
0,0.010481447348211454,0,Low Risk,1.05
0,0.003684286278266152,0,Low Risk,0.37
1,0.9992066642116049,1,High Risk,99.92
0,5.924227428637545e-08,0,Low Risk,0.0
0,2.655715799904521e-09,0,Low Risk,0.0
1,0.7441004373176227,1,High Risk,74.41
0,9.837006565430348e-06,0,Low Risk,0.0
0,6.217857022503657e-07,0,Low Risk,0.0
0,0.21686515763083122,0,Low Risk,21.69
0,0.3514548017220435,0,Medium Risk,35.15
0,0.00015156082603688269,0,Low Risk,0.02
0,1.1867760630555965e-05,0,Low Risk,0.0
0,0.0001391029136990167,0,Low Risk,0.01
0,0.0016841197353910293,0,Low Risk,0.17
0,0.00010037467745028729,0,Low Risk,0.01
0,0.14878842481926494,0,Low Risk,14.88
0,0.00016188484236797718,0,Low Risk,0.02
1,0.9999836802754093,1,High Risk,100.0
0,0.0609716073951066,0,Low Risk,6.1
0,6.93671247037454e-08,0,Low Risk,0.0
1,0.9893747893697016,1,High Risk,98.94
0,3.792239621533204e-05,0,Low Risk,0.0
1,0.017264701992248048,0,Low Risk,1.73
0,0.002919307700921837,0,Low Risk,0.29
0,4.15551517412076e-05,0,Low Risk,0.0
0,0.017341175025908397,0,Low Risk,1.73
0,0.14398744554884318,0,Low Risk,14.4
0,0.0006523269543965263,0,Low Risk,0.07
0,2.9075845634522613e-05,0,Low Risk,0.0
0,0.00013902302624414341,0,Low Risk,0.01
0,5.013387163721493e-05,0,Low Risk,0.01
1,0.9997079599928795,1,High Risk,99.97
0,0.011651764855219309,0,Low Risk,1.17
0,1.1850986576296178e-05,0,Low Risk,0.0
0,3.736472483466184e-05,0,Low Risk,0.0
0,0.5320279276126605,1,Medium Risk,53.2
0,2.9194703502629427e-05,0,Low Risk,0.0
0,0.0027434085033791007,0,Low Risk,0.27
0,0.2982130381723377,0,Low Risk,29.82
1,0.9999982866204664,1,High Risk,100.0
1,0.9996786313778931,1,High Risk,99.97
0,0.41591890216354344,0,Medium Risk,41.59
0,7.45998458569838e-07,0,Low Risk,0.0
0,0.0007401762387026487,0,Low Risk,0.07
1,0.794772903694425,1,High Risk,79.48
0,0.0007678513045512626,0,Low Risk,0.08
0,7.789365378100662e-06,0,Low Risk,0.0
0,0.00011724356285807227,0,Low Risk,0.01
0,0.005758558797055459,0,Low Risk,0.58
1,0.7969523033880269,1,High Risk,79.7
0,1.975040753417839e-06,0,Low Risk,0.0
0,3.391493836385496e-07,0,Low Risk,0.0
0,9.765115907847648e-07,0,Low Risk,0.0
0,1.5044025837413518e-05,0,Low Risk,0.0
0,2.8906125469448664e-06,0,Low Risk,0.0
0,6.213619658622117e-05,0,Low Risk,0.01
0,3.7940907236606445e-07,0,Low Risk,0.0
0,0.006692968910313047,0,Low Risk,0.67
1,0.5592650744309245,1,Medium Risk,55.93
0,0.20291840922835094,0,Low Risk,20.29
0,8.218546548215267e-05,0,Low Risk,0.01
0,6.052738954911055e-05,0,Low Risk,0.01
0,1.9024125948499415e-05,0,Low Risk,0.0
0,0.003134304762342527,0,Low Risk,0.31
0,0.25244990089557967,0,Low Risk,25.24
0,0.042277497135667634,0,Low Risk,4.23
0,0.0014352118873638621,0,Low Risk,0.14
0,7.245146199902855e-07,0,Low Risk,0.0
0,0.1860936188143887,0,Low Risk,18.61
1,0.999999319956102,1,High Risk,100.0
0,0.00040777738271420615,0,Low Risk,0.04
1,0.9999960881276347,1,High Risk,100.0
1,0.9907875648284585,1,High Risk,99.08
0,0.030891696333490246,0,Low Risk,3.09
0,5.37900865549367e-06,0,Low Risk,0.0
1,0.9999983017477542,1,High Risk,100.0
0,3.587910153803969e-05,0,Low Risk,0.0
0,0.0056013110189358185,0,Low Risk,0.56
0,2.4935893125001093e-06,0,Low Risk,0.0
0,1.5737512716423119e-06,0,Low Risk,0.0
0,0.0008319150033787527,0,Low Risk,0.08
0,6.743877628874555e-05,0,Low Risk,0.01
0,0.21789556258294948,0,Low Risk,21.79
0,0.0005462006762323282,0,Low Risk,0.05
1,0.9998305823456445,1,High Risk,99.98
1,0.9976139126684133,1,High Risk,99.76
1,0.9994861247597243,1,High Risk,99.95
0,9.359289956079557e-05,0,Low Risk,0.01
0,0.00035374079911223066,0,Low Risk,0.04
0,6.526608989442647e-06,0,Low Risk,0.0
0,2.3905143957093804e-06,0,Low Risk,0.0
0,0.0003772169863496408,0,Low Risk,0.04
0,0.00019763445083457426,0,Low Risk,0.02
0,0.011684823168408479,0,Low Risk,1.17
1,0.999941943116267,1,High Risk,99.99
1,0.27643760128216965,0,Low Risk,27.64
0,2.173588004609725e-06,0,Low Risk,0.0
0,2.1126010898747505e-05,0,Low Risk,0.0
0,6.142740368257526e-05,0,Low Risk,0.01
1,0.9985340629568029,1,High Risk,99.85
1,0.9999646982765596,1,High Risk,100.0
1,0.5432255031926659,1,Medium Risk,54.32
0,7.36197854650863e-05,0,Low Risk,0.01
1,0.9982170963807016,1,High Risk,99.82
0,3.793172647539483e-05,0,Low Risk,0.0
1,0.9679278013560378,1,High Risk,96.79
0,5.629242604261066e-06,0,Low Risk,0.0
0,0.0014711930726649014,0,Low Risk,0.15
0,5.352110322280502e-06,0,Low Risk,0.0
0,1.8275609541552424e-07,0,Low Risk,0.0
0,3.425622943012212e-06,0,Low Risk,0.0
1,0.9999911182358172,1,High Risk,100.0
0,0.20598883332993875,0,Low Risk,20.6
0,0.0043173047119693855,0,Low Risk,0.43
0,0.00012314930339936365,0,Low Risk,0.01
0,0.001897110439182459,0,Low Risk,0.19
0,0.002494702340718799,0,Low Risk,0.25
1,0.892267295330014,1,High Risk,89.23
1,0.571065578893985,1,Medium Risk,57.11
0,0.00013118729163987146,0,Low Risk,0.01
0,2.2128513302605084e-08,0,Low Risk,0.0
0,3.3699582785277885e-05,0,Low Risk,0.0
1,0.9999987757176886,1,High Risk,100.0
1,0.9999929332426734,1,High Risk,100.0
0,0.06066626029706951,0,Low Risk,6.07
0,0.0028519000200825533,0,Low Risk,0.29
0,7.916169551049133e-06,0,Low Risk,0.0
1,0.9999933337147177,1,High Risk,100.0
1,0.99971922372628,1,High Risk,99.97
1,0.9998629448447951,1,High Risk,99.99
1,0.46064000945994654,0,Medium Risk,46.06
0,0.010607401307290097,0,Low Risk,1.06
0,0.0007696387893488693,0,Low Risk,0.08
1,0.9999961084939633,1,High Risk,100.0
1,0.9999929436430158,1,High Risk,100.0
0,9.892487130676307e-05,0,Low Risk,0.01
1,0.9999914064985091,1,High Risk,100.0
0,0.0023252264106031614,0,Low Risk,0.23
0,1.4708710935914887e-05,0,Low Risk,0.0
0,0.00033758754368709397,0,Low Risk,0.03
0,1.6606729598578952e-06,0,Low Risk,0.0
0,0.0007883851922531013,0,Low Risk,0.08
0,0.24399089468260307,0,Low Risk,24.4
0,0.0019854530560033663,0,Low Risk,0.2
0,7.834908111159087e-06,0,Low Risk,0.0
0,0.0006649112702245186,0,Low Risk,0.07
0,0.0022963327377912763,0,Low Risk,0.23
1,0.9991886663775036,1,High Risk,99.92
0,1.3800265574982036e-05,0,Low Risk,0.0
0,1.4296084837175795e-07,0,Low Risk,0.0
1,0.9999977015265747,1,High Risk,100.0
0,0.0027449894887813225,0,Low Risk,0.27
0,1.5231560710383965e-07,0,Low Risk,0.0
0,0.058614819216736634,0,Low Risk,5.86
1,0.9966960233719879,1,High Risk,99.67
1,0.9986836546178885,1,High Risk,99.87
0,6.8605985843402124e-06,0,Low Risk,0.0
0,0.27984972617556886,0,Low Risk,27.98
0,9.45617452428204e-05,0,Low Risk,0.01
1,0.9999966269283712,1,High Risk,100.0
0,1.8343290798790627e-05,0,Low Risk,0.0
0,3.084163367955656e-06,0,Low Risk,0.0
1,0.9999481475149286,1,High Risk,99.99
0,0.015633166629004117,0,Low Risk,1.56
1,0.8364261821391126,1,High Risk,83.64
0,0.013946299541537085,0,Low Risk,1.39
0,4.224984753764342e-05,0,Low Risk,0.0
1,0.987570669973383,1,High Risk,98.76
1,0.9999967555943383,1,High Risk,100.0
0,0.0006441854424953449,0,Low Risk,0.06
0,0.08126080074347432,0,Low Risk,8.13
0,1.901162453841847e-08,0,Low Risk,0.0
0,0.1691209716549018,0,Low Risk,16.91
0,0.000222022941808699,0,Low Risk,0.02
1,0.9999923245657293,1,High Risk,100.0
0,0.000581432247276832,0,Low Risk,0.06
0,2.299093630161255e-05,0,Low Risk,0.0
0,7.183770808053779e-05,0,Low Risk,0.01
0,8.422068895872163e-08,0,Low Risk,0.0
1,0.9974828788977506,1,High Risk,99.75
1,0.9541511379541846,1,High Risk,95.42
0,0.00867363726690797,0,Low Risk,0.87
1,0.9999382049482949,1,High Risk,99.99
1,0.9999992428820904,1,High Risk,100.0
0,0.20543742598457634,0,Low Risk,20.54
0,0.0007241157256644549,0,Low Risk,0.07
1,0.37708929454609247,0,Medium Risk,37.71
0,3.3384199603615137e-06,0,Low Risk,0.0
1,0.9997512799524957,1,High Risk,99.98
1,0.5793427510405338,1,Medium Risk,57.93
0,0.0005657792750880003,0,Low Risk,0.06
1,0.294184315295086,0,Low Risk,29.42
0,0.00010459978304513861,0,Low Risk,0.01
1,0.9999952228531915,1,High Risk,100.0
0,0.007099017800253496,0,Low Risk,0.71
0,0.027652273348645614,0,Low Risk,2.77
0,0.00016991673008301137,0,Low Risk,0.02
0,0.10839414440307236,0,Low Risk,10.84
0,0.0007743828269672265,0,Low Risk,0.08
1,0.9981462483619324,1,High Risk,99.81
0,6.18886159855443e-06,0,Low Risk,0.0
0,0.00310123240331491,0,Low Risk,0.31
0,0.34533014097299375,0,Medium Risk,34.53
0,5.971159121382947e-10,0,Low Risk,0.0
0,2.861394872059535e-06,0,Low Risk,0.0
0,0.10685144296314097,0,Low Risk,10.69
0,1.298439293246096e-07,0,Low Risk,0.0
0,0.03609057943169575,0,Low Risk,3.61
1,0.9922768500238062,1,High Risk,99.23
1,0.9999957325967193,1,High Risk,100.0
1,0.9999695644862531,1,High Risk,100.0
1,0.5089904468112526,1,Medium Risk,50.9
0,0.1265688672145979,0,Low Risk,12.66
1,0.9999934163663043,1,High Risk,100.0
1,0.9980562591546859,1,High Risk,99.81
1,0.9559866354044598,1,High Risk,95.6
0,0.03502950831901216,0,Low Risk,3.5
0,6.178003751309258e-07,0,Low Risk,0.0
0,0.08060514921134669,0,Low Risk,8.06
0,0.15701783508398048,0,Low Risk,15.7
0,0.02350857859933034,0,Low Risk,2.35
0,0.006959863288496906,0,Low Risk,0.7
0,0.014671511490723946,0,Low Risk,1.47
0,0.03673833092439512,0,Low Risk,3.67
0,2.7320305555812216e-06,0,Low Risk,0.0
0,9.321933370694892e-06,0,Low Risk,0.0
0,5.68351938115545e-07,0,Low Risk,0.0
0,0.0001325466053395823,0,Low Risk,0.01
0,8.36246294118728e-05,0,Low Risk,0.01
0,0.09110452843044889,0,Low Risk,9.11
0,0.01988577017729987,0,Low Risk,1.99
0,9.238429248593332e-06,0,Low Risk,0.0
0,4.947745850753009e-10,0,Low Risk,0.0
0,0.19904283622553912,0,Low Risk,19.9
0,1.6500884441490976e-05,0,Low Risk,0.0
1,0.9934412762616487,1,High Risk,99.34
0,0.04002878126449931,0,Low Risk,4.0
0,2.375255149161696e-07,0,Low Risk,0.0
1,0.9999660487350951,1,High Risk,100.0
1,0.7465491693988435,1,High Risk,74.65
1,0.9999270562192635,1,High Risk,99.99
0,0.005614375723152651,0,Low Risk,0.56
0,0.00011290746723136523,0,Low Risk,0.01
0,2.394758203030027e-06,0,Low Risk,0.0
0,2.0221633797895626e-07,0,Low Risk,0.0
0,3.2287326892614795e-06,0,Low Risk,0.0
1,0.9995398519356039,1,High Risk,99.95
0,4.146620896309479e-05,0,Low Risk,0.0
1,0.9295124968768526,1,High Risk,92.95
0,0.005179295280211554,0,Low Risk,0.52
0,0.0152022474767974,0,Low Risk,1.52
0,0.0012005441700526367,0,Low Risk,0.12
0,1.0146067434317956e-06,0,Low Risk,0.0
0,0.6633853337964969,1,Medium Risk,66.34
1,0.9999965821564619,1,High Risk,100.0
0,0.0003362163233381937,0,Low Risk,0.03
1,0.9999992531863144,1,High Risk,100.0
0,0.013256780641273825,0,Low Risk,1.33
0,0.01761456294755531,0,Low Risk,1.76
0,0.5249417511705652,1,Medium Risk,52.49
0,0.18363676207884733,0,Low Risk,18.36
0,0.001846131719606131,0,Low Risk,0.18
0,5.2197645989577877e-08,0,Low Risk,0.0
0,0.4186380943993768,0,Medium Risk,41.86
0,0.005098496291145999,0,Low Risk,0.51
0,8.809211534472244e-06,0,Low Risk,0.0
0,0.0506648012473007,0,Low Risk,5.07
0,0.0009206350069648361,0,Low Risk,0.09
1,0.9999971429971054,1,High Risk,100.0
0,0.00020666923402314197,0,Low Risk,0.02
0,8.564307586749604e-05,0,Low Risk,0.01
1,0.9999952376994321,1,High Risk,100.0
0,1.0259902008960492e-05,0,Low Risk,0.0
0,0.0023399134082931,0,Low Risk,0.23
1,0.713217428359307,1,High Risk,71.32
1,0.9999962432797928,1,High Risk,100.0
0,0.008067626858178608,0,Low Risk,0.81
0,3.4979700879606705e-07,0,Low Risk,0.0
1,0.9999182582958378,1,High Risk,99.99
0,1.2194650130256064e-06,0,Low Risk,0.0
0,2.490059694287165e-07,0,Low Risk,0.0
0,4.857360357928751e-05,0,Low Risk,0.0
0,4.938863398256906e-05,0,Low Risk,0.0
0,0.07018050409507529,0,Low Risk,7.02
0,0.1373197615350278,0,Low Risk,13.73
0,0.02794101132895416,0,Low Risk,2.79
0,0.00018537684946885676,0,Low Risk,0.02
0,0.4674723024250704,0,Medium Risk,46.75
0,0.6645267287048179,1,Medium Risk,66.45
1,0.99999564300435,1,High Risk,100.0
1,0.9960482416507556,1,High Risk,99.6
0,0.00010629074054454467,0,Low Risk,0.01
1,0.9984245977558059,1,High Risk,99.84
0,0.004456288683270032,0,Low Risk,0.45
0,0.0008214491035640683,0,Low Risk,0.08
0,2.0693435804294835e-07,0,Low Risk,0.0
1,0.9959745801342902,1,High Risk,99.6
0,1.486513951808582e-06,0,Low Risk,0.0
0,0.4001407148411001,0,Medium Risk,40.01
0,0.21171783728106242,0,Low Risk,21.17
0,0.31155663131134287,0,Medium Risk,31.16
1,0.9986915698245032,1,High Risk,99.87
0,0.00033853677910293593,0,Low Risk,0.03
0,0.15319602428321413,0,Low Risk,15.32
1,0.5037253117850892,1,Medium Risk,50.37
1,0.9725105631268413,1,High Risk,97.25
1,0.9999974181807139,1,High Risk,100.0
0,2.7907880006466454e-08,0,Low Risk,0.0
0,7.119440886554448e-06,0,Low Risk,0.0
0,2.1935203910826096e-05,0,Low Risk,0.0
1,0.9914394727896323,1,High Risk,99.14
0,0.0007031478471104282,0,Low Risk,0.07
0,0.1962686152373165,0,Low Risk,19.63
0,0.004699739245768683,0,Low Risk,0.47
0,0.04874557839444702,0,Low Risk,4.87
0,0.0013042497202233262,0,Low Risk,0.13
0,0.03359323113606007,0,Low Risk,3.36
0,1.2457786462892353e-07,0,Low Risk,0.0
1,0.0481396291608415,0,Low Risk,4.81
1,0.9990864551146272,1,High Risk,99.91
0,0.0004203735192643013,0,Low Risk,0.04
0,0.025796289188251983,0,Low Risk,2.58
0,0.00011065082025349596,0,Low Risk,0.01
1,0.996760900670413,1,High Risk,99.68
0,4.608374684055538e-08,0,Low Risk,0.0
0,8.734821976156389e-05,0,Low Risk,0.01
0,0.0002567527858110082,0,Low Risk,0.03
0,4.2110371914335054e-06,0,Low Risk,0.0
0,0.03296123358624361,0,Low Risk,3.3
0,2.375119884155046e-05,0,Low Risk,0.0
0,0.00018879440187379875,0,Low Risk,0.02
0,4.047003239143633e-06,0,Low Risk,0.0
1,0.9981832045417064,1,High Risk,99.82
0,0.17073191504665786,0,Low Risk,17.07
0,4.021840808300617e-06,0,Low Risk,0.0
1,0.7233740185282121,1,High Risk,72.34
0,0.07825740063820351,0,Low Risk,7.83
1,0.9842470390022269,1,High Risk,98.42
0,0.03558004909108831,0,Low Risk,3.56
0,5.5745444666943196e-05,0,Low Risk,0.01
0,0.0016155497103098476,0,Low Risk,0.16
0,6.147560915043863e-05,0,Low Risk,0.01
0,7.880868731714982e-05,0,Low Risk,0.01
0,0.00011680523214713506,0,Low Risk,0.01
1,0.9999974911112701,1,High Risk,100.0
0,9.666461019893144e-07,0,Low Risk,0.0
0,3.664661045735664e-06,0,Low Risk,0.0
0,1.0370229555266668e-06,0,Low Risk,0.0
0,0.010238699720069352,0,Low Risk,1.02
1,0.9999943831162356,1,High Risk,100.0
0,0.3373326821715888,0,Medium Risk,33.73
0,0.0008408260413139722,0,Low Risk,0.08
0,0.0033810484519753406,0,Low Risk,0.34
0,0.00028466435648489755,0,Low Risk,0.03
0,0.000635177796508473,0,Low Risk,0.06
1,0.6685239745473658,1,Medium Risk,66.85
0,4.0147598713217335e-06,0,Low Risk,0.0
1,0.9945946994604767,1,High Risk,99.46
1,0.9998423893447901,1,High Risk,99.98
0,0.023176696533267947,0,Low Risk,2.32
1,0.9999912967687249,1,High Risk,100.0
0,2.58361195995658e-07,0,Low Risk,0.0
0,0.0008791771436197272,0,Low Risk,0.09
0,6.429855430785157e-05,0,Low Risk,0.01
0,0.014428961142025475,0,Low Risk,1.44
0,0.015524882811762362,0,Low Risk,1.55
0,1.913535364829104e-05,0,Low Risk,0.0
0,0.004568618973435005,0,Low Risk,0.46
0,0.0022608987430853627,0,Low Risk,0.23
0,7.461205410679798e-07,0,Low Risk,0.0
0,4.778178467409411e-07,0,Low Risk,0.0
0,4.134468840731769e-07,0,Low Risk,0.0
0,8.227722026650422e-06,0,Low Risk,0.0
0,2.7875323797159105e-08,0,Low Risk,0.0
1,0.9849851677521125,1,High Risk,98.5
0,5.368001610998048e-07,0,Low Risk,0.0
0,4.846210754128967e-07,0,Low Risk,0.0
1,0.9999915871698033,1,High Risk,100.0
0,0.0003611029397885408,0,Low Risk,0.04
1,0.9996508985650758,1,High Risk,99.97
0,1.7058511450862802e-06,0,Low Risk,0.0
0,0.17735440906673006,0,Low Risk,17.74
0,0.0002408438350148189,0,Low Risk,0.02
0,1.867466658668153e-05,0,Low Risk,0.0
0,8.421865690672542e-09,0,Low Risk,0.0
0,1.476854733098515e-05,0,Low Risk,0.0
0,0.5769326815995824,1,Medium Risk,57.69
1,0.9985774980218947,1,High Risk,99.86
0,2.6141403648063855e-06,0,Low Risk,0.0
1,0.9999953130162725,1,High Risk,100.0
1,0.9999923276160579,1,High Risk,100.0
1,0.9993025560002216,1,High Risk,99.93
0,0.005190796306011758,0,Low Risk,0.52
0,2.186335326569901e-07,0,Low Risk,0.0
1,0.8302564002501945,1,High Risk,83.03
0,0.08377316303591635,0,Low Risk,8.38
0,0.0011261157145782692,0,Low Risk,0.11
0,0.07671216944095502,0,Low Risk,7.67
0,4.279351253212004e-05,0,Low Risk,0.0
0,0.001086013741587453,0,Low Risk,0.11
0,0.00018262272392826706,0,Low Risk,0.02
0,7.247158213867466e-06,0,Low Risk,0.0
1,0.9999630150236152,1,High Risk,100.0
0,0.22433227183455245,0,Low Risk,22.43
0,0.0024990136674625397,0,Low Risk,0.25
1,0.9989589944074097,1,High Risk,99.9
0,1.786490397636103e-07,0,Low Risk,0.0
0,0.0008042108106723112,0,Low Risk,0.08
1,0.9956166638365724,1,High Risk,99.56
0,0.00011904088159537522,0,Low Risk,0.01
1,0.9980561242948384,1,High Risk,99.81
0,4.508491998086112e-07,0,Low Risk,0.0
0,0.017086635151820784,0,Low Risk,1.71
0,0.0014874034149088228,0,Low Risk,0.15
0,0.008464904365370654,0,Low Risk,0.85
1,0.1366078806949745,0,Low Risk,13.66
0,0.0021333981117823194,0,Low Risk,0.21
1,0.9999248574411134,1,High Risk,99.99
0,0.0006192134620826051,0,Low Risk,0.06
0,3.066458480343859e-06,0,Low Risk,0.0
0,1.2150489674328227e-05,0,Low Risk,0.0
1,0.9999980935538909,1,High Risk,100.0
0,0.0030340783777091686,0,Low Risk,0.3
0,5.076581643976717e-07,0,Low Risk,0.0
0,0.0019608722071367693,0,Low Risk,0.2
0,8.559060077814746e-06,0,Low Risk,0.0
1,0.9999019761371665,1,High Risk,99.99
0,7.950667052185239e-06,0,Low Risk,0.0
0,2.3465989753501786e-05,0,Low Risk,0.0
0,0.0019685928212703416,0,Low Risk,0.2
0,0.00022949218631051785,0,Low Risk,0.02
0,0.0007005789222451417,0,Low Risk,0.07
0,2.3870854735585044e-06,0,Low Risk,0.0
1,0.481078122490891,0,Medium Risk,48.11
0,0.0001911198651441051,0,Low Risk,0.02
1,0.9999868622672471,1,High Risk,100.0
1,0.9999855434626493,1,High Risk,100.0
0,6.28029191400077e-05,0,Low Risk,0.01
0,4.066571446516007e-05,0,Low Risk,0.0
0,0.0005691298544326537,0,Low Risk,0.06
0,0.0014893349714743807,0,Low Risk,0.15
1,0.8074096556592818,1,High Risk,80.74
0,0.00039275521718292844,0,Low Risk,0.04
1,0.7104389309962036,1,High Risk,71.04
0,3.2362346364221277e-06,0,Low Risk,0.0
0,0.0203611705172493,0,Low Risk,2.04
0,0.010394066377085382,0,Low Risk,1.04
0,1.2173560093891075e-05,0,Low Risk,0.0
0,0.0023612626593650645,0,Low Risk,0.24
0,1.4934599985936921e-05,0,Low Risk,0.0
0,0.00021805122108145905,0,Low Risk,0.02
1,0.9999958837651378,1,High Risk,100.0
0,0.0014099536789912508,0,Low Risk,0.14
0,0.05776680242659233,0,Low Risk,5.78
0,0.08617419473894725,0,Low Risk,8.62
1,0.5984728648052288,1,Medium Risk,59.85
0,8.10135439865004e-06,0,Low Risk,0.0
1,0.9879460145018119,1,High Risk,98.79
0,0.004041065618841563,0,Low Risk,0.4
0,2.95668494225444e-05,0,Low Risk,0.0
0,1.0607374830968343e-06,0,Low Risk,0.0
0,6.86183857534569e-07,0,Low Risk,0.0
0,3.524900520478307e-06,0,Low Risk,0.0
0,0.0018508577630507162,0,Low Risk,0.19
0,0.025842759478727672,0,Low Risk,2.58
1,0.987921710767,1,High Risk,98.79
0,4.73644920358658e-05,0,Low Risk,0.0
0,8.260495475969133e-05,0,Low Risk,0.01
1,0.999996447976519,1,High Risk,100.0
1,0.9998036547934436,1,High Risk,99.98
0,0.037071952897386955,0,Low Risk,3.71
1,0.9999894883768659,1,High Risk,100.0
1,0.9983607100599209,1,High Risk,99.84
0,8.831401156769217e-07,0,Low Risk,0.0
0,0.008787167238069386,0,Low Risk,0.88
1,0.9999864794430352,1,High Risk,100.0
0,3.336537206784183e-07,0,Low Risk,0.0
0,5.483791926579381e-06,0,Low Risk,0.0
0,0.00044440906198157525,0,Low Risk,0.04
0,0.038301143829985985,0,Low Risk,3.83
0,0.00024119327450738273,0,Low Risk,0.02
0,2.756453293692544e-05,0,Low Risk,0.0
1,0.9999832197637729,1,High Risk,100.0
0,2.9951134152815065e-08,0,Low Risk,0.0
1,0.9998403142180122,1,High Risk,99.98
0,2.313763379534555e-06,0,Low Risk,0.0
1,0.999972900043835,1,High Risk,100.0
0,0.0014540574198422425,0,Low Risk,0.15
0,2.4975372122724196e-05,0,Low Risk,0.0
0,7.557954661092435e-08,0,Low Risk,0.0
0,0.02479498558300046,0,Low Risk,2.48
0,0.00036830098177024237,0,Low Risk,0.04
1,0.9999663608195641,1,High Risk,100.0
0,0.022442540899038556,0,Low Risk,2.24
0,1.645695758767889e-06,0,Low Risk,0.0
0,1.6453611677823676e-10,0,Low Risk,0.0
0,0.0014559826037079668,0,Low Risk,0.15
0,0.001792643770525483,0,Low Risk,0.18
0,0.02305897104672542,0,Low Risk,2.31
0,0.0037683914078840367,0,Low Risk,0.38
0,0.032988022391952955,0,Low Risk,3.3
1,0.997877537382338,1,High Risk,99.79
0,0.0002322123993167639,0,Low Risk,0.02
0,3.0872481643826735e-06,0,Low Risk,0.0
0,8.476428741601173e-05,0,Low Risk,0.01
0,0.06709609640157727,0,Low Risk,6.71
0,8.02720518576474e-05,0,Low Risk,0.01
0,6.016907207002176e-05,0,Low Risk,0.01
1,0.07662767951904341,0,Low Risk,7.66
1,0.309905574779727,0,Medium Risk,30.99
1,0.9997377469370395,1,High Risk,99.97
1,0.9999965789741357,1,High Risk,100.0
1,0.9991191148448744,1,High Risk,99.91
0,4.972588892745951e-05,0,Low Risk,0.0
0,3.732968521214094e-06,0,Low Risk,0.0
1,0.20384050344619353,0,Low Risk,20.38
0,2.8533463100101204e-05,0,Low Risk,0.0
0,4.028054220980728e-05,0,Low Risk,0.0
0,5.944600305742092e-05,0,Low Risk,0.01
1,0.9998424946933712,1,High Risk,99.98
0,4.0958383411624664e-05,0,Low Risk,0.0
1,0.82496224151329,1,High Risk,82.5
0,8.088544282488968e-09,0,Low Risk,0.0
1,0.05697297697074346,0,Low Risk,5.7
0,0.11171592645409456,0,Low Risk,11.17
0,0.0002344910802361406,0,Low Risk,0.02
0,0.00018068020318480948,0,Low Risk,0.02
1,0.9996467148952531,1,High Risk,99.96
0,7.539133878308741e-06,0,Low Risk,0.0
0,2.4868890588721917e-06,0,Low Risk,0.0
0,0.05889898821012451,0,Low Risk,5.89
0,0.04968977989087942,0,Low Risk,4.97
0,0.066152278691286,0,Low Risk,6.62
0,7.229369621680152e-05,0,Low Risk,0.01
0,0.012717995120442195,0,Low Risk,1.27
0,1.131370376473949e-08,0,Low Risk,0.0
0,0.00023957105589457548,0,Low Risk,0.02
0,2.7420277791772126e-07,0,Low Risk,0.0
0,0.000777323990693751,0,Low Risk,0.08
0,0.3739408329781456,0,Medium Risk,37.39
1,0.2820573077951963,0,Low Risk,28.21
1,0.9999857585785331,1,High Risk,100.0
0,0.4224278263179374,0,Medium Risk,42.24
0,0.00014215115022926943,0,Low Risk,0.01
0,7.704938259272064e-08,0,Low Risk,0.0
0,4.659021913189987e-06,0,Low Risk,0.0
0,4.156424979871972e-06,0,Low Risk,0.0
0,0.0003897133382608229,0,Low Risk,0.04
1,0.05716421862547506,0,Low Risk,5.72
0,0.0009972947757989027,0,Low Risk,0.1
0,0.0042677694049507164,0,Low Risk,0.43
0,0.020069404784950198,0,Low Risk,2.01
0,0.0032559784991795767,0,Low Risk,0.33
1,0.17045988910651869,0,Low Risk,17.05
0,0.00039498198992819387,0,Low Risk,0.04
0,0.0059901693208833096,0,Low Risk,0.6
0,8.661327786213843e-09,0,Low Risk,0.0
1,0.9965543866796996,1,High Risk,99.66
1,0.8644721578854933,1,High Risk,86.45
0,0.0776608903385039,0,Low Risk,7.77
0,4.580806621521229e-06,0,Low Risk,0.0
0,0.2202900387408791,0,Low Risk,22.03
0,1.6739468946405467e-05,0,Low Risk,0.0
0,0.011469688885968065,0,Low Risk,1.15
0,0.0009607512411996541,0,Low Risk,0.1
0,8.047877706291649e-07,0,Low Risk,0.0
1,0.9999838388965914,1,High Risk,100.0
0,0.0012519704652901341,0,Low Risk,0.13
1,0.9999889976695776,1,High Risk,100.0
0,0.02345335419910577,0,Low Risk,2.35
0,0.00047917856232648624,0,Low Risk,0.05
0,2.5276992827797652e-09,0,Low Risk,0.0
0,9.524120577303843e-07,0,Low Risk,0.0
0,1.9307995254456126e-05,0,Low Risk,0.0
0,0.0012256571227260993,0,Low Risk,0.12
0,1.3503502789074805e-09,0,Low Risk,0.0
0,0.000127164838905037,0,Low Risk,0.01
0,0.0037557309432861897,0,Low Risk,0.38
0,0.00011211100914720434,0,Low Risk,0.01
0,0.05237214076150229,0,Low Risk,5.24
1,0.9961397312735455,1,High Risk,99.61
0,0.0003146467316395441,0,Low Risk,0.03
0,0.06132022121959608,0,Low Risk,6.13
0,0.4473700778882209,0,Medium Risk,44.74
0,6.0139429785416296e-05,0,Low Risk,0.01
1,0.9999961847252836,1,High Risk,100.0
0,0.0006328442273748235,0,Low Risk,0.06
0,1.3430841828596015e-06,0,Low Risk,0.0
0,0.00984994224722812,0,Low Risk,0.98
0,5.675344985691867e-07,0,Low Risk,0.0
0,0.09892924900315034,0,Low Risk,9.89
0,1.1060135308979803e-06,0,Low Risk,0.0
0,0.014118001189717701,0,Low Risk,1.41
0,5.71705550530741e-07,0,Low Risk,0.0
0,0.0011299760710499476,0,Low Risk,0.11
1,0.7782156626194524,1,High Risk,77.82
0,0.30161607848123867,0,Medium Risk,30.16
0,0.12676867969742536,0,Low Risk,12.68
0,1.335418179962923e-05,0,Low Risk,0.0
0,4.98174645143813e-05,0,Low Risk,0.0
0,6.634710412157453e-05,0,Low Risk,0.01
1,0.9999031850428625,1,High Risk,99.99
0,0.06711944266460654,0,Low Risk,6.71
0,3.537179666354247e-05,0,Low Risk,0.0
0,1.3925421315115543e-09,0,Low Risk,0.0
0,0.009064998379618636,0,Low Risk,0.91
1,0.9999972384886872,1,High Risk,100.0
0,1.775405695665835e-06,0,Low Risk,0.0
0,0.012142729920031644,0,Low Risk,1.21
0,6.790859640902872e-06,0,Low Risk,0.0
1,0.6728081857693337,1,Medium Risk,67.28
0,3.4150016208595846e-06,0,Low Risk,0.0
0,0.3802520064726891,0,Medium Risk,38.03
0,1.0184066967121492e-07,0,Low Risk,0.0
0,2.148781715858652e-05,0,Low Risk,0.0
0,7.328178114583172e-07,0,Low Risk,0.0
0,0.0060143469420490476,0,Low Risk,0.6
1,0.7629586085051406,1,High Risk,76.3
0,1.789396971248014e-05,0,Low Risk,0.0
1,0.9991721331633836,1,High Risk,99.92
0,0.03899171139818916,0,Low Risk,3.9
0,2.110484037683635e-06,0,Low Risk,0.0
1,0.9999910798647081,1,High Risk,100.0
0,0.006430000498596046,0,Low Risk,0.64
0,5.869736221219007e-06,0,Low Risk,0.0
1,0.993984834445779,1,High Risk,99.4
0,0.019625684469717845,0,Low Risk,1.96
1,0.7899742455164014,1,High Risk,79.0
0,0.0015078294906168948,0,Low Risk,0.15
0,1.2805394765378036e-06,0,Low Risk,0.0
0,9.148396192299169e-06,0,Low Risk,0.0
0,0.00025409365595036753,0,Low Risk,0.03
0,4.7102822085651623e-07,0,Low Risk,0.0
0,0.004352162700894534,0,Low Risk,0.44
0,2.1087230456777156e-06,0,Low Risk,0.0
0,5.351004562627342e-07,0,Low Risk,0.0
0,0.3488772443529002,0,Medium Risk,34.89
0,0.003485379918180255,0,Low Risk,0.35
0,0.00015435476201766752,0,Low Risk,0.02
1,0.5814682383578952,1,Medium Risk,58.15
0,5.667601879925321e-05,0,Low Risk,0.01
0,1.8377304175372425e-07,0,Low Risk,0.0
0,0.257342989928483,0,Low Risk,25.73
0,2.983956821831304e-07,0,Low Risk,0.0
1,0.9999705012366539,1,High Risk,100.0
0,0.5174560493550912,1,Medium Risk,51.75
0,1.2138190902107578e-05,0,Low Risk,0.0
0,0.48116950989721163,0,Medium Risk,48.12
0,8.806685533039088e-07,0,Low Risk,0.0
1,0.9999312405808479,1,High Risk,99.99
0,2.8533710844889535e-05,0,Low Risk,0.0
1,0.9919601145817535,1,High Risk,99.2
0,0.0001335533373715683,0,Low Risk,0.01
0,2.2268051442900284e-05,0,Low Risk,0.0
1,0.35088079753075807,0,Medium Risk,35.09
0,0.003999817711519399,0,Low Risk,0.4
0,4.9099812664505384e-05,0,Low Risk,0.0
0,4.2354150579974396e-08,0,Low Risk,0.0
0,0.0006679562758020778,0,Low Risk,0.07
0,1.0422335675774909e-05,0,Low Risk,0.0
1,0.9935696535255868,1,High Risk,99.36
1,0.9988314569206717,1,High Risk,99.88
1,0.9981406268687284,1,High Risk,99.81
0,1.5051663230685234e-07,0,Low Risk,0.0
0,4.087707462063244e-06,0,Low Risk,0.0
0,0.005940302000439407,0,Low Risk,0.59
0,5.9259443833903525e-05,0,Low Risk,0.01
0,0.0004869564301565538,0,Low Risk,0.05
0,0.00011644718804288334,0,Low Risk,0.01
0,0.0018638552411691873,0,Low Risk,0.19
1,0.9999837184731641,1,High Risk,100.0
0,7.748578695469738e-06,0,Low Risk,0.0
0,0.0001310549666377808,0,Low Risk,0.01
0,0.05314470352165855,0,Low Risk,5.31
0,0.0018125588464244628,0,Low Risk,0.18
0,0.21737752287318482,0,Low Risk,21.74
0,7.164214553134787e-07,0,Low Risk,0.0
1,0.9999277835692304,1,High Risk,99.99
1,0.999968632989448,1,High Risk,100.0
1,0.9972449860641309,1,High Risk,99.72
0,1.0018439895062405e-07,0,Low Risk,0.0
1,0.9999814066509374,1,High Risk,100.0
0,0.005653000142920387,0,Low Risk,0.57
0,1.3401806606987988e-08,0,Low Risk,0.0
0,2.5985402560800886e-07,0,Low Risk,0.0
0,0.14667110118724208,0,Low Risk,14.67
0,2.1651302827486713e-05,0,Low Risk,0.0
0,6.955478996384701e-08,0,Low Risk,0.0
1,0.8502734207969135,1,High Risk,85.03
0,0.24846304497394486,0,Low Risk,24.85
0,1.1410102514422423e-05,0,Low Risk,0.0
0,0.00403945375019078,0,Low Risk,0.4
0,2.1965784494595293e-06,0,Low Risk,0.0
0,0.0029606589170833564,0,Low Risk,0.3
1,0.8181313390329428,1,High Risk,81.81
0,3.284991746794287e-06,0,Low Risk,0.0
1,0.9843402672661905,1,High Risk,98.43
0,4.4632348369969747e-07,0,Low Risk,0.0
1,0.999990409994149,1,High Risk,100.0
1,0.9999787152139202,1,High Risk,100.0
1,0.9999831916405334,1,High Risk,100.0
0,2.722890926207709e-05,0,Low Risk,0.0
1,0.01835566221422767,0,Low Risk,1.84
0,4.064047678783377e-05,0,Low Risk,0.0
0,0.0045217868586108914,0,Low Risk,0.45
0,4.195175232281037e-05,0,Low Risk,0.0
1,0.30509090095257246,0,Medium Risk,30.51
1,0.9999924420738834,1,High Risk,100.0
0,0.0237045740824559,0,Low Risk,2.37
1,0.9999695809498116,1,High Risk,100.0
0,3.882291877250381e-06,0,Low Risk,0.0
1,0.0630796791619147,0,Low Risk,6.31
1,0.9999984950187394,1,High Risk,100.0
0,2.9782232598704144e-06,0,Low Risk,0.0
0,2.113717845377501e-05,0,Low Risk,0.0
0,4.5562194347323387e-07,0,Low Risk,0.0
1,0.9963121740603627,1,High Risk,99.63
0,0.007213256999106102,0,Low Risk,0.72
1,0.9977201411175031,1,High Risk,99.77
1,0.9981679602025483,1,High Risk,99.82
1,0.9999927561821899,1,High Risk,100.0
1,0.1715595824953969,0,Low Risk,17.16
0,3.622960288604548e-05,0,Low Risk,0.0
0,5.606433776598525e-07,0,Low Risk,0.0
1,0.48677004070219987,0,Medium Risk,48.68
1,0.9960284562896389,1,High Risk,99.6
0,0.0002747506345726511,0,Low Risk,0.03
0,0.004941141953322223,0,Low Risk,0.49
0,0.8911448424193674,1,High Risk,89.11
0,0.0002182538394444537,0,Low Risk,0.02
0,1.307193354292093e-08,0,Low Risk,0.0
0,7.108050622240548e-07,0,Low Risk,0.0
0,0.018245250745078538,0,Low Risk,1.82
0,0.11434619796873584,0,Low Risk,11.43
1,0.9995956879505465,1,High Risk,99.96
0,0.0009164954874066829,0,Low Risk,0.09
1,0.9654954727431407,1,High Risk,96.55
0,6.965058825661019e-08,0,Low Risk,0.0
0,0.0011759753718308306,0,Low Risk,0.12
1,0.999991676731382,1,High Risk,100.0
0,9.490940833995502e-07,0,Low Risk,0.0
0,4.170996260315575e-09,0,Low Risk,0.0
1,0.7336600400906288,1,High Risk,73.37
0,1.6808781801333873e-06,0,Low Risk,0.0
0,0.00595621787907791,0,Low Risk,0.6
0,6.065921204627651e-06,0,Low Risk,0.0
0,0.00022180316178830177,0,Low Risk,0.02
1,0.9999803330709385,1,High Risk,100.0
0,0.0003331429854105391,0,Low Risk,0.03
1,0.749535094530627,1,High Risk,74.95
0,0.021838826601978195,0,Low Risk,2.18
0,1.3239976498162197e-07,0,Low Risk,0.0
0,5.817399005170863e-06,0,Low Risk,0.0
0,1.6824298529021543e-06,0,Low Risk,0.0
0,1.212344055039823e-07,0,Low Risk,0.0
0,0.006485226561640603,0,Low Risk,0.65
0,0.0010708259893093418,0,Low Risk,0.11
0,2.0628906901328487e-06,0,Low Risk,0.0
1,0.9986521816763104,1,High Risk,99.87
0,0.006511915566142726,0,Low Risk,0.65
0,1.2443123431829594e-06,0,Low Risk,0.0
1,0.6832523851527763,1,Medium Risk,68.33
0,1.1668300807559562e-05,0,Low Risk,0.0
0,3.633392306878661e-05,0,Low Risk,0.0
0,0.15808388108465585,0,Low Risk,15.81
0,4.94765174070151e-05,0,Low Risk,0.0
1,0.8504877096045858,1,High Risk,85.05
0,0.0020178542818551017,0,Low Risk,0.2
0,7.327209305400755e-07,0,Low Risk,0.0
0,5.875886463840606e-05,0,Low Risk,0.01
0,0.0010671601329682702,0,Low Risk,0.11
0,3.660261560767628e-07,0,Low Risk,0.0
1,0.999663174503361,1,High Risk,99.97
0,6.205463143074887e-07,0,Low Risk,0.0
0,0.11867116383809452,0,Low Risk,11.87
0,0.0022579823370791727,0,Low Risk,0.23
0,0.02020745337313006,0,Low Risk,2.02
1,0.9986673724486084,1,High Risk,99.87
1,0.9999953877286861,1,High Risk,100.0
0,0.5824037538623861,1,Medium Risk,58.24
0,2.49412983373581e-05,0,Low Risk,0.0
0,0.000830012540166432,0,Low Risk,0.08
1,0.9990674758030458,1,High Risk,99.91
0,1.0029968357451042e-05,0,Low Risk,0.0
1,0.999940152213365,1,High Risk,99.99
1,0.9999810967456787,1,High Risk,100.0
0,2.0593110058680715e-06,0,Low Risk,0.0
0,0.1685496721713903,0,Low Risk,16.85
0,3.3654855410685717e-06,0,Low Risk,0.0
0,0.00046133614467826976,0,Low Risk,0.05
1,0.9999946819055245,1,High Risk,100.0
0,6.96555081349641e-08,0,Low Risk,0.0
0,0.0010127755023506622,0,Low Risk,0.1
0,0.0001046366841066104,0,Low Risk,0.01
1,0.9999989335833049,1,High Risk,100.0
0,1.2530774442491901e-06,0,Low Risk,0.0
0,0.0012259698549413841,0,Low Risk,0.12
1,0.6863101486357105,1,Medium Risk,68.63
0,0.0004543767480078396,0,Low Risk,0.05
0,0.00034346400257784574,0,Low Risk,0.03
0,0.001372583198058561,0,Low Risk,0.14
0,2.4400526730181953e-05,0,Low Risk,0.0
0,0.00022911345656871472,0,Low Risk,0.02
0,0.0001330940353839543,0,Low Risk,0.01
0,1.5584193169511185e-09,0,Low Risk,0.0
0,0.0002620646066897167,0,Low Risk,0.03
0,0.13534864032229107,0,Low Risk,13.53
0,0.00015942337212987946,0,Low Risk,0.02
1,0.7320069873583217,1,High Risk,73.2
0,0.07666227254310855,0,Low Risk,7.67
0,5.657031013964663e-07,0,Low Risk,0.0
1,0.99999567840233,1,High Risk,100.0
0,0.051151308449179006,0,Low Risk,5.12
1,0.9999969785056103,1,High Risk,100.0
0,0.005741963589831475,0,Low Risk,0.57
1,0.04541657974170338,0,Low Risk,4.54
0,0.037718002802493295,0,Low Risk,3.77
0,0.025174784459874033,0,Low Risk,2.52
1,0.9994975078834155,1,High Risk,99.95
0,0.0005357201769150611,0,Low Risk,0.05
1,0.9999976932997412,1,High Risk,100.0
0,0.0006155135763199282,0,Low Risk,0.06
0,0.008072965697880552,0,Low Risk,0.81
0,3.500426522142165e-05,0,Low Risk,0.0
0,1.9878403818488008e-07,0,Low Risk,0.0
0,0.1229975381159135,0,Low Risk,12.3
0,2.15162854928568e-05,0,Low Risk,0.0
0,6.344098114576491e-06,0,Low Risk,0.0
1,0.9986861176638863,1,High Risk,99.87
0,0.500210265166346,1,Medium Risk,50.02
0,0.06331307073488582,0,Low Risk,6.33
1,0.9993231569336424,1,High Risk,99.93
0,3.5232397756160597e-07,0,Low Risk,0.0
0,2.909869364447514e-05,0,Low Risk,0.0
0,4.1780974181411295e-09,0,Low Risk,0.0
1,0.9993519307187632,1,High Risk,99.94
0,5.495047055869731e-07,0,Low Risk,0.0
1,0.17262692632087126,0,Low Risk,17.26
1,0.9994172309023193,1,High Risk,99.94
0,0.02151252339123683,0,Low Risk,2.15
0,2.191703673205614e-07,0,Low Risk,0.0
0,5.526976975281249e-08,0,Low Risk,0.0
0,5.467147319956507e-06,0,Low Risk,0.0
0,0.4245864129396206,0,Medium Risk,42.46
0,0.022858227111850614,0,Low Risk,2.29
1,0.9999201234420002,1,High Risk,99.99
0,0.00021641249782009784,0,Low Risk,0.02
1,0.9999948233187543,1,High Risk,100.0
0,0.1935071624324289,0,Low Risk,19.35
1,0.9999863771576561,1,High Risk,100.0
1,0.9999963069883779,1,High Risk,100.0
0,7.27763482045956e-05,0,Low Risk,0.01
0,0.3825024155249537,0,Medium Risk,38.25
1,0.8764654897125808,1,High Risk,87.65
0,4.658158223926829e-05,0,Low Risk,0.0
0,2.339273959113957e-06,0,Low Risk,0.0
0,1.4621701259712213e-05,0,Low Risk,0.0
0,1.4336670658481937e-05,0,Low Risk,0.0
0,0.17790666355613757,0,Low Risk,17.79
0,8.13689931730985e-06,0,Low Risk,0.0
0,0.0012699140153348686,0,Low Risk,0.13
1,0.9999951594999443,1,High Risk,100.0
0,2.416766989783395e-05,0,Low Risk,0.0
0,7.601126618142438e-06,0,Low Risk,0.0
0,0.006284920280965703,0,Low Risk,0.63
0,2.2812536865977533e-06,0,Low Risk,0.0
0,1.4560306502747226e-06,0,Low Risk,0.0
0,0.29485302639386574,0,Low Risk,29.49
0,0.0019861704840467287,0,Low Risk,0.2
0,0.0024507687513065065,0,Low Risk,0.25
1,0.9997734249479897,1,High Risk,99.98
0,3.8761863636434215e-05,0,Low Risk,0.0
0,0.01221554023550728,0,Low Risk,1.22
0,1.0226318665516945e-06,0,Low Risk,0.0
0,0.006286827892567956,0,Low Risk,0.63
1,0.5937848825210996,1,Medium Risk,59.38
0,1.7028581531225515e-05,0,Low Risk,0.0
0,0.0028522800317751294,0,Low Risk,0.29
0,0.0009853859222482904,0,Low Risk,0.1
1,0.9999830943063767,1,High Risk,100.0
0,3.1193472898506454e-06,0,Low Risk,0.0
1,0.35050550036348316,0,Medium Risk,35.05
0,3.958720933612016e-05,0,Low Risk,0.0
1,0.9999924160380802,1,High Risk,100.0
0,0.08559777531627887,0,Low Risk,8.56
0,0.02715317030113094,0,Low Risk,2.72
0,2.9878243891170857e-05,0,Low Risk,0.0
0,0.0007268362954131859,0,Low Risk,0.07
1,0.9999983813909148,1,High Risk,100.0
0,6.529017843862292e-05,0,Low Risk,0.01
0,3.0854186233967655e-06,0,Low Risk,0.0
0,1.2497436909628067e-05,0,Low Risk,0.0
1,0.9999935845433664,1,High Risk,100.0
0,7.502455309885879e-05,0,Low Risk,0.01
1,0.2915113421068797,0,Low Risk,29.15
1,0.765053236002592,1,High Risk,76.51
0,5.494717853100374e-07,0,Low Risk,0.0
0,0.04327475723502754,0,Low Risk,4.33
0,0.0009127083843075606,0,Low Risk,0.09
1,0.9988646880278764,1,High Risk,99.89
1,0.2045410605916902,0,Low Risk,20.45
0,2.867635025586002e-05,0,Low Risk,0.0
0,4.881679178894185e-06,0,Low Risk,0.0
0,0.003483699810716474,0,Low Risk,0.35
0,8.275201484735804e-05,0,Low Risk,0.01
0,0.0005321892295056888,0,Low Risk,0.05
0,2.980535736031714e-05,0,Low Risk,0.0
1,0.9999951239462385,1,High Risk,100.0
1,0.9610734126917021,1,High Risk,96.11
0,0.11019904417192872,0,Low Risk,11.02
0,0.04640449664743308,0,Low Risk,4.64
0,0.35085467354349925,0,Medium Risk,35.09
0,2.5158444248286078e-06,0,Low Risk,0.0
1,0.9991023780839112,1,High Risk,99.91
0,0.0028510713269376308,0,Low Risk,0.29
0,1.718803768760445e-06,0,Low Risk,0.0
0,0.021042180037050443,0,Low Risk,2.1
0,4.106900028675365e-06,0,Low Risk,0.0
0,0.01699429911514771,0,Low Risk,1.7
0,0.3454144930241829,0,Medium Risk,34.54
0,4.0604290375298126e-07,0,Low Risk,0.0
0,2.8398656542447915e-06,0,Low Risk,0.0
1,0.9962880096680335,1,High Risk,99.63
1,0.6787576817442925,1,Medium Risk,67.88
0,0.03485577422346981,0,Low Risk,3.49
0,0.04124486013489137,0,Low Risk,4.12
0,2.991557588684045e-06,0,Low Risk,0.0
1,0.4708537434521021,0,Medium Risk,47.09
0,3.561558113990093e-08,0,Low Risk,0.0
0,6.484982521004912e-07,0,Low Risk,0.0
0,0.00011415531084332574,0,Low Risk,0.01
0,0.010647939045728956,0,Low Risk,1.06
0,2.1126817272428833e-06,0,Low Risk,0.0
0,0.0855682311204663,0,Low Risk,8.56
1,0.9879750924970598,1,High Risk,98.8
1,0.6221444080403314,1,Medium Risk,62.21
0,0.0001272097608934296,0,Low Risk,0.01
0,0.0009172863885014783,0,Low Risk,0.09
1,0.9999943900612319,1,High Risk,100.0
1,0.999993283250399,1,High Risk,100.0
1,0.998111757173586,1,High Risk,99.81
0,0.035233118823231824,0,Low Risk,3.52
0,5.208825557247446e-05,0,Low Risk,0.01
0,0.002913938965325035,0,Low Risk,0.29
0,3.3222739859901454e-07,0,Low Risk,0.0
0,0.04773569784924937,0,Low Risk,4.77
1,0.9919208843697742,1,High Risk,99.19
0,1.399452860297729e-05,0,Low Risk,0.0
0,0.03378723247053903,0,Low Risk,3.38
1,0.9982041425170922,1,High Risk,99.82
0,1.154650416997247e-05,0,Low Risk,0.0
0,0.0065204730360778436,0,Low Risk,0.65
0,1.8546575705367125e-06,0,Low Risk,0.0
0,0.00024006181959761592,0,Low Risk,0.02
1,0.9978929093834591,1,High Risk,99.79
0,0.0006785984015564997,0,Low Risk,0.07
0,8.369311693726309e-10,0,Low Risk,0.0
0,0.015588767463022112,0,Low Risk,1.56
0,2.700990269803358e-07,0,Low Risk,0.0
0,1.0446203036013688e-05,0,Low Risk,0.0
1,0.7808369308685515,1,High Risk,78.08
0,0.0027518439001318873,0,Low Risk,0.28
0,0.38386616079408675,0,Medium Risk,38.39
0,8.754295222370597e-06,0,Low Risk,0.0
0,8.597748122274205e-06,0,Low Risk,0.0
0,0.00026880977547765627,0,Low Risk,0.03
0,0.0023028926304648834,0,Low Risk,0.23
0,4.497600118613532e-06,0,Low Risk,0.0
0,0.012581542585713472,0,Low Risk,1.26
0,0.002949743084748559,0,Low Risk,0.29
